<?xml version="1.0" encoding="UTF-8"?><?xml-stylesheet type='text/xsl' href='_UpgradeReport_Files/UpgradeReport.xslt'?><UpgradeLog>
<Properties><Property Name="Solution" Value="PacketMonitor">
</Property><Property Name="Solution File" Value="D:\Projects\2014 - new\C DRIVE\Red\Red\PacketMonitor.sln">
</Property><Property Name="User Options File" Value="D:\Projects\2014 - new\C DRIVE\Red\Red\PacketMonitor.suo">
</Property><Property Name="Date" Value="Saturday, April 5, 2014">
</Property><Property Name="Time" Value="13:41 PM">
</Property><Property Name="Log Number" Value="2">
</Property></Properties><Event ErrorLevel="0" Project="" Source="PacketMonitor.sln" Description="File successfully backed up as D:\Projects\2014 - new\C DRIVE\Red\Red\Backup\PacketMonitor.sln">
</Event><Event ErrorLevel="0" Project="" Source="PacketMonitor.suo" Description="File successfully backed up as D:\Projects\2014 - new\C DRIVE\Red\Red\Backup\PacketMonitor.suo">
</Event><Event ErrorLevel="0" Project="PacketMonitor" Source="PacketMonitor.csproj" Description="Project file successfully backed up as D:\Projects\2014 - new\C DRIVE\Red\Red\Backup\PacketMonitor.csproj">
</Event><Event ErrorLevel="0" Project="PacketMonitor" Source="PacketMonitor.csproj.user" Description="Project user file successfully backed up as D:\Projects\2014 - new\C DRIVE\Red\Red\Backup\PacketMonitor.csproj.user">
</Event><Event ErrorLevel="0" Project="PacketMonitor" Source="AboutForm.cs" Description="File successfully backed up as D:\Projects\2014 - new\C DRIVE\Red\Red\Backup\AboutForm.cs">
</Event><Event ErrorLevel="0" Project="PacketMonitor" Source="AssemblyInfo.cs" Description="File successfully backed up as D:\Projects\2014 - new\C DRIVE\Red\Red\Backup\AssemblyInfo.cs">
</Event><Event ErrorLevel="0" Project="PacketMonitor" Source="FloodGraph.cs" Description="File successfully backed up as D:\Projects\2014 - new\C DRIVE\Red\Red\Backup\FloodGraph.cs">
</Event><Event ErrorLevel="0" Project="PacketMonitor" Source="FloodGraph.Designer.cs" Description="File successfully backed up as D:\Projects\2014 - new\C DRIVE\Red\Red\Backup\FloodGraph.Designer.cs">
</Event><Event ErrorLevel="0" Project="PacketMonitor" Source="Global.cs" Description="File successfully backed up as D:\Projects\2014 - new\C DRIVE\Red\Red\Backup\Global.cs">
</Event><Event ErrorLevel="0" Project="PacketMonitor" Source="IntruderClass.cs" Description="File successfully backed up as D:\Projects\2014 - new\C DRIVE\Red\Red\Backup\IntruderClass.cs">
</Event><Event ErrorLevel="0" Project="PacketMonitor" Source="IntruderList.cs" Description="File successfully backed up as D:\Projects\2014 - new\C DRIVE\Red\Red\Backup\IntruderList.cs">
</Event><Event ErrorLevel="0" Project="PacketMonitor" Source="IntruderList.Designer.cs" Description="File successfully backed up as D:\Projects\2014 - new\C DRIVE\Red\Red\Backup\IntruderList.Designer.cs">
</Event><Event ErrorLevel="0" Project="PacketMonitor" Source="LoginScreen.cs" Description="File successfully backed up as D:\Projects\2014 - new\C DRIVE\Red\Red\Backup\LoginScreen.cs">
</Event><Event ErrorLevel="0" Project="PacketMonitor" Source="LoginScreen.Designer.cs" Description="File successfully backed up as D:\Projects\2014 - new\C DRIVE\Red\Red\Backup\LoginScreen.Designer.cs">
</Event><Event ErrorLevel="0" Project="PacketMonitor" Source="MainScreen.cs" Description="File successfully backed up as D:\Projects\2014 - new\C DRIVE\Red\Red\Backup\MainScreen.cs">
</Event><Event ErrorLevel="0" Project="PacketMonitor" Source="MainScreen.Designer.cs" Description="File successfully backed up as D:\Projects\2014 - new\C DRIVE\Red\Red\Backup\MainScreen.Designer.cs">
</Event><Event ErrorLevel="0" Project="PacketMonitor" Source="Mobile.cs" Description="File successfully backed up as D:\Projects\2014 - new\C DRIVE\Red\Red\Backup\Mobile.cs">
</Event><Event ErrorLevel="0" Project="PacketMonitor" Source="Mobile.Designer.cs" Description="File successfully backed up as D:\Projects\2014 - new\C DRIVE\Red\Red\Backup\Mobile.Designer.cs">
</Event><Event ErrorLevel="0" Project="PacketMonitor" Source="Packet.cs" Description="File successfully backed up as D:\Projects\2014 - new\C DRIVE\Red\Red\Backup\Packet.cs">
</Event><Event ErrorLevel="0" Project="PacketMonitor" Source="PacketForm.cs" Description="File successfully backed up as D:\Projects\2014 - new\C DRIVE\Red\Red\Backup\PacketForm.cs">
</Event><Event ErrorLevel="0" Project="PacketMonitor" Source="PacketMonitor.cs" Description="File successfully backed up as D:\Projects\2014 - new\C DRIVE\Red\Red\Backup\PacketMonitor.cs">
</Event><Event ErrorLevel="0" Project="PacketMonitor" Source="PacketMonitorForm.cs" Description="File successfully backed up as D:\Projects\2014 - new\C DRIVE\Red\Red\Backup\PacketMonitorForm.cs">
</Event><Event ErrorLevel="0" Project="PacketMonitor" Source="Properties\Resources.Designer.cs" Description="File successfully backed up as D:\Projects\2014 - new\C DRIVE\Red\Red\Backup\Properties\Resources.Designer.cs">
</Event><Event ErrorLevel="0" Project="PacketMonitor" Source="Properties\Settings.Designer.cs" Description="File successfully backed up as D:\Projects\2014 - new\C DRIVE\Red\Red\Backup\Properties\Settings.Designer.cs">
</Event><Event ErrorLevel="0" Project="PacketMonitor" Source="QLen.cs" Description="File successfully backed up as D:\Projects\2014 - new\C DRIVE\Red\Red\Backup\QLen.cs">
</Event><Event ErrorLevel="0" Project="PacketMonitor" Source="QLen.Designer.cs" Description="File successfully backed up as D:\Projects\2014 - new\C DRIVE\Red\Red\Backup\QLen.Designer.cs">
</Event><Event ErrorLevel="0" Project="PacketMonitor" Source="RedPackets.cs" Description="File successfully backed up as D:\Projects\2014 - new\C DRIVE\Red\Red\Backup\RedPackets.cs">
</Event><Event ErrorLevel="0" Project="PacketMonitor" Source="RedPackets.Designer.cs" Description="File successfully backed up as D:\Projects\2014 - new\C DRIVE\Red\Red\Backup\RedPackets.Designer.cs">
</Event><Event ErrorLevel="0" Project="PacketMonitor" Source="SendSms.cs" Description="File successfully backed up as D:\Projects\2014 - new\C DRIVE\Red\Red\Backup\SendSms.cs">
</Event><Event ErrorLevel="0" Project="PacketMonitor" Source="Splash.cs" Description="File successfully backed up as D:\Projects\2014 - new\C DRIVE\Red\Red\Backup\Splash.cs">
</Event><Event ErrorLevel="0" Project="PacketMonitor" Source="Splash.Designer.cs" Description="File successfully backed up as D:\Projects\2014 - new\C DRIVE\Red\Red\Backup\Splash.Designer.cs">
</Event><Event ErrorLevel="0" Project="PacketMonitor" Source="UdpReceiver.cs" Description="File successfully backed up as D:\Projects\2014 - new\C DRIVE\Red\Red\Backup\UdpReceiver.cs">
</Event><Event ErrorLevel="0" Project="PacketMonitor" Source="app.config" Description="File successfully backed up as D:\Projects\2014 - new\C DRIVE\Red\Red\Backup\app.config">
</Event><Event ErrorLevel="0" Project="PacketMonitor" Source="Images\Exit.jpg" Description="File successfully backed up as D:\Projects\2014 - new\C DRIVE\Red\Red\Backup\Images\Exit.jpg">
</Event><Event ErrorLevel="0" Project="PacketMonitor" Source="Images\LogView.jpg" Description="File successfully backed up as D:\Projects\2014 - new\C DRIVE\Red\Red\Backup\Images\LogView.jpg">
</Event><Event ErrorLevel="0" Project="PacketMonitor" Source="Images\Settings.jpg" Description="File successfully backed up as D:\Projects\2014 - new\C DRIVE\Red\Red\Backup\Images\Settings.jpg">
</Event><Event ErrorLevel="0" Project="PacketMonitor" Source="Images\intruderlist.jpg" Description="File successfully backed up as D:\Projects\2014 - new\C DRIVE\Red\Red\Backup\Images\intruderlist.jpg">
</Event><Event ErrorLevel="0" Project="PacketMonitor" Source="Images\load.jpg" Description="File successfully backed up as D:\Projects\2014 - new\C DRIVE\Red\Red\Backup\Images\load.jpg">
</Event><Event ErrorLevel="0" Project="PacketMonitor" Source="Images\monitor.jpg" Description="File successfully backed up as D:\Projects\2014 - new\C DRIVE\Red\Red\Backup\Images\monitor.jpg">
</Event><Event ErrorLevel="0" Project="PacketMonitor" Source="Properties\Settings.settings" Description="File successfully backed up as D:\Projects\2014 - new\C DRIVE\Red\Red\Backup\Properties\Settings.settings">
</Event><Event ErrorLevel="0" Project="PacketMonitor" Source="App.ico" Description="File successfully backed up as D:\Projects\2014 - new\C DRIVE\Red\Red\Backup\App.ico">
</Event><Event ErrorLevel="0" Project="PacketMonitor" Source="AboutForm.resx" Description="File successfully backed up as D:\Projects\2014 - new\C DRIVE\Red\Red\Backup\AboutForm.resx">
</Event><Event ErrorLevel="0" Project="PacketMonitor" Source="FloodGraph.resx" Description="File successfully backed up as D:\Projects\2014 - new\C DRIVE\Red\Red\Backup\FloodGraph.resx">
</Event><Event ErrorLevel="0" Project="PacketMonitor" Source="IntruderList.resx" Description="File successfully backed up as D:\Projects\2014 - new\C DRIVE\Red\Red\Backup\IntruderList.resx">
</Event><Event ErrorLevel="0" Project="PacketMonitor" Source="LoginScreen.resx" Description="File successfully backed up as D:\Projects\2014 - new\C DRIVE\Red\Red\Backup\LoginScreen.resx">
</Event><Event ErrorLevel="0" Project="PacketMonitor" Source="MainScreen.resx" Description="File successfully backed up as D:\Projects\2014 - new\C DRIVE\Red\Red\Backup\MainScreen.resx">
</Event><Event ErrorLevel="0" Project="PacketMonitor" Source="Mobile.resx" Description="File successfully backed up as D:\Projects\2014 - new\C DRIVE\Red\Red\Backup\Mobile.resx">
</Event><Event ErrorLevel="0" Project="PacketMonitor" Source="PacketForm.resx" Description="File successfully backed up as D:\Projects\2014 - new\C DRIVE\Red\Red\Backup\PacketForm.resx">
</Event><Event ErrorLevel="0" Project="PacketMonitor" Source="PacketMonitorForm.resx" Description="File successfully backed up as D:\Projects\2014 - new\C DRIVE\Red\Red\Backup\PacketMonitorForm.resx">
</Event><Event ErrorLevel="0" Project="PacketMonitor" Source="Properties\Resources.resx" Description="File successfully backed up as D:\Projects\2014 - new\C DRIVE\Red\Red\Backup\Properties\Resources.resx">
</Event><Event ErrorLevel="0" Project="PacketMonitor" Source="QLen.resx" Description="File successfully backed up as D:\Projects\2014 - new\C DRIVE\Red\Red\Backup\QLen.resx">
</Event><Event ErrorLevel="0" Project="PacketMonitor" Source="RedPackets.resx" Description="File successfully backed up as D:\Projects\2014 - new\C DRIVE\Red\Red\Backup\RedPackets.resx">
</Event><Event ErrorLevel="0" Project="PacketMonitor" Source="Splash.resx" Description="File successfully backed up as D:\Projects\2014 - new\C DRIVE\Red\Red\Backup\Splash.resx">
</Event><Event ErrorLevel="1" Project="PacketMonitor" Source="PacketMonitor.csproj" Description="Your project is targeting .NET Framework 2.0 or 3.0. If your project uses assemblies requiring a newer .NET Framework, your project will fail to build. You can change the .NET Framework version by clicking Properties on the project menu and then selecting a new version in the '.NET Framework' dropdown box. (In Visual Basic, this is located on the Compile tab by clicking the 'Advanced Compiler Options...' button.)">
</Event><Event ErrorLevel="0" Project="PacketMonitor" Source="PacketMonitor.csproj" Description="Project converted successfully">
</Event><Event ErrorLevel="3" Project="PacketMonitor" Source="PacketMonitor.csproj" Description="Converted">
</Event><Event ErrorLevel="0" Project="" Source="PacketMonitor.sln" Description="Solution converted successfully">
</Event><Event ErrorLevel="3" Project="" Source="PacketMonitor.sln" Description="Converted">
</Event><Event ErrorLevel="0" Project="PacketMonitor" Source="PacketMonitor.csproj" Description="Scan complete: Upgrade not required for project files.">
</Event></UpgradeLog>