<?xml version="1.0" encoding="UTF-8"?><?xml-stylesheet type='text/xsl' href='_UpgradeReport_Files/UpgradeReport.xslt'?><UpgradeLog>
<Properties><Property Name="Solution" Value="PacketMonitor">
</Property><Property Name="Solution File" Value="C:\Documents and Settings\Paradiseeeeeeeeeeee\Desktop\Downloaded\Red\PacketMonitor.sln">
</Property><Property Name="Date" Value="Wednesday, April 21, 2010">
</Property><Property Name="Time" Value="21:39 PM">
</Property></Properties><Event ErrorLevel="0" Project="PacketMonitor" Source="PacketMonitor.csproj" Description="Project converted successfully">
</Event><Event ErrorLevel="3" Project="PacketMonitor" Source="PacketMonitor.csproj" Description="Converted">
</Event><Event ErrorLevel="0" Project="" Source="PacketMonitor.sln" Description="Solution converted successfully">
</Event><Event ErrorLevel="3" Project="" Source="PacketMonitor.sln" Description="Converted">
</Event><Event ErrorLevel="0" Project="PacketMonitor" Source="PacketMonitor.csproj" Description="Scan complete: Upgrade not required for project files.">
</Event></UpgradeLog>